Workbook

Sheet Instruções
A3: Como usar
A4: 1. Cada integrante registra suas horas na aba Registro de horas, uma linha por atividade.
A5: 2. Preencha Data, Membro (lista), Atividade, Fase (lista), Issue (se houver) e Horas. A coluna Dupla é preenchida sozinha.
A6: 3. Horas em decimal: 30 minutos = 0,5; 1 hora e 15 minutos = 1,25.
A7: 4. As horas previstas de cada membro por semana vão na aba Planejamento.
A8: 5. A aba Resumo é calculada a partir das outras e não deve ser editada.
A9: 6. A cada entrega, exportar uma cópia para o repositório (Arquivo > Fazer download).
A11: Legenda
A12: Células amarelas: campos a preencher.
A13: Células brancas com fórmula: calculadas, não editar.
A15: Se as horas digitadas com vírgula não somarem, ajuste a localidade em Arquivo > Configurações > Localidade: Brasil.

Sheet Registro de horas
A1: Data | B1: Membro | C1: Dupla | D1: Atividade | E1: Fase | F1: Issue | G1: Horas
A2: 46302 | B2: Davi | C2: {=IF(B2="","",INDEX(Equipe!$C$2:$C$7,MATCH(B2,Equipe!$A$2:$A$7,0)))} -> A | D2: Reunião 01 (abertura do projeto) | E2: Gestão | G2: 2.33
A3: 46302 | B3: Pedro | C3: {=IF(B3="","",INDEX(Equipe!$C$2:$C$7,MATCH(B3,Equipe!$A$2:$A$7,0)))} -> A | D3: Reunião 01 (abertura do projeto) | E3: Gestão | G3: 0.33
A4: 46302 | B4: Karolina | C4: {=IF(B4="","",INDEX(Equipe!$C$2:$C$7,MATCH(B4,Equipe!$A$2:$A$7,0)))} -> B | D4: Reunião 01 (abertura do projeto) | E4: Gestão | G4: 0.33
A5: 46302 | B5: Bryan | C5: {=IF(B5="","",INDEX(Equipe!$C$2:$C$7,MATCH(B5,Equipe!$A$2:$A$7,0)))} -> C | D5: Reunião 01 (abertura do projeto) | E5: Gestão | G5: 0.33
A6: 46302 | B6: Dante | C6: {=IF(B6="","",INDEX(Equipe!$C$2:$C$7,MATCH(B6,Equipe!$A$2:$A$7,0)))} -> C | D6: Reunião 01 (abertura do projeto) | E6: Gestão | G6: 0.33
A7: 46303 | B7: Karolina | C7: {=IF(B7="","",INDEX(Equipe!$C$2:$C$7,MATCH(B7,Equipe!$A$2:$A$7,0)))} -> B | D7: Reunião 01 (abertura do projeto) | E7: Gestão | G7: 0.33 | I7: Até 15/10
A8: 46304 | B8: Davi | C8: {=IF(B8="","",INDEX(Equipe!$C$2:$C$7,MATCH(B8,Equipe!$A$2:$A$7,0)))} -> A | D8: Registro de ata 1, decisões e atribuir atividades | E8: Gestão | G8: 1 | I8: Davi | J8: 5 | K8: =J8/J14 -> 0.25879917
A9: 46303 | B9: Karolina | C9: {=IF(B9="","",INDEX(Equipe!$C$2:$C$7,MATCH(B9,Equipe!$A$2:$A$7,0)))} -> B | D9: Montar a estrutura incial da GitPage | E9: GitPage | G9: 1.75 | I9: Pedro | J9: 1.33 | K9: =J9/J14 -> 0.06884058
A10: 46305 | B10: Karolina | C10: {=IF(B10="","",INDEX(Equipe!$C$2:$C$7,MATCH(B10,Equipe!$A$2:$A$7,0)))} -> B | D10: Estudar Desempenho dos processos | E10: Artigo | G10: 1.25 | I10: Karolina | J10: 5 | K10: =J10/J14 -> 0.25879917
A11: 46305 | B11: Mateus | C11: {=IF(B11="","",INDEX(Equipe!$C$2:$C$7,MATCH(B11,Equipe!$A$2:$A$7,0)))} -> B | D11: Criação de layout, Inserção de textos iniciais no artigo. estudo sobre desempenho de processos, busca por artigos modelo de BSM voltado para eficiência de desempenho | E11: Artigo | G11: 4 | I11: Mateus | J11: 5 | K11: =J11/J14 -> 0.25879917
A12: 46307 | B12: Davi | C12: {=IF(B12="","",INDEX(Equipe!$C$2:$C$7,MATCH(B12,Equipe!$A$2:$A$7,0)))} -> A | D12: Reunião 02 | E12: Gestão | G12: 0.33 | I12: Bryan | J12: 1.33 | K12: =J12/J14 -> 0.06884058
A13: 46307 | B13: Karolina | C13: {=IF(B13="","",INDEX(Equipe!$C$2:$C$7,MATCH(B13,Equipe!$A$2:$A$7,0)))} -> B | D13: Reunião 02 | E13: Gestão | G13: 0.33 | I13: Dante | J13: 1.66 | K13: =J13/J14 -> 0.085921325
A14: 46307 | B14: Dante | C14: {=IF(B14="","",INDEX(Equipe!$C$2:$C$7,MATCH(B14,Equipe!$A$2:$A$7,0)))} -> C | D14: Reunião 02 | E14: Gestão | G14: 0.33 | I14: Total | J14: =SUM(J8:J13) -> 19.32
A15: 46309 | B15: Davi | C15: {=IF(B15="","",INDEX(Equipe!$C$2:$C$7,MATCH(B15,Equipe!$A$2:$A$7,0)))} -> A | D15: Reunião 03, inicio e preenchimento da fase 1 | E15: Fase 1 | G15: 1
A16: 46309 | B16: Pedro | C16: {=IF(B16="","",INDEX(Equipe!$C$2:$C$7,MATCH(B16,Equipe!$A$2:$A$7,0)))} -> A | D16: Reunião 03, inicio e preenchimento da fase 1 | E16: Fase 1 | G16: 1
A17: 46309 | B17: Karolina | C17: {=IF(B17="","",INDEX(Equipe!$C$2:$C$7,MATCH(B17,Equipe!$A$2:$A$7,0)))} -> B | D17: Reunião 03, inicio e preenchimento da fase 1 | E17: Fase 1 | G17: 1
A18: 46309 | B18: Mateus | C18: {=IF(B18="","",INDEX(Equipe!$C$2:$C$7,MATCH(B18,Equipe!$A$2:$A$7,0)))} -> B | D18: Reunião 03, inicio e preenchimento da fase 1 | E18: Fase 1 | G18: 1
A19: 46309 | B19: Bryan | C19: {=IF(B19="","",INDEX(Equipe!$C$2:$C$7,MATCH(B19,Equipe!$A$2:$A$7,0)))} -> C | D19: Reunião 03, inicio e preenchimento da fase 1 | E19: Fase 1 | G19: 1
A20: 46309 | B20: Dante | C20: {=IF(B20="","",INDEX(Equipe!$C$2:$C$7,MATCH(B20,Equipe!$A$2:$A$7,0)))} -> C | D20: Reunião 03, inicio e preenchimento da fase 2 | E20: Fase 1 | G20: 1
A21: 46309 | B21: Davi | C21: {=IF(B21="","",INDEX(Equipe!$C$2:$C$7,MATCH(B21,Equipe!$A$2:$A$7,0)))} -> A | D21: Finalizar fase 1 | E21: Fase 1 | G21: 2.5
A22: 46312 | B22: Davi | C22: {=IF(B22="","",INDEX(Equipe!$C$2:$C$7,MATCH(B22,Equipe!$A$2:$A$7,0)))} -> A | D22: Organizar trabalho da dupla A e da equipe no geral | E22: Gestão | G22: 1
A23: 46312 | B23: Pedro | C23: {=IF(B23="","",INDEX(Equipe!$C$2:$C$7,MATCH(B23,Equipe!$A$2:$A$7,0)))} -> A | D23: Completar termo de consentimento | E23: Fase 1 | G23: 1
A24: 46312 | B24: Bryan | C24: {=IF(B24="","",INDEX(Equipe!$C$2:$C$7,MATCH(B24,Equipe!$A$2:$A$7,0)))} -> C | D24: Escrita de Tabela GQM, adição de fatores de variação e detalhamento de métricas | E24: Fase 2 | G24: 3
A25: 46312 | B25: Karolina | C25: {=IF(B25="","",INDEX(Equipe!$C$2:$C$7,MATCH(B25,Equipe!$A$2:$A$7,0)))} -> B | D25: Divisão do trabalho com a dupla B | E25: Fase 1 | G25: 1.25
A26: 46313 | B26: Karolina | C26: {=IF(B26="","",INDEX(Equipe!$C$2:$C$7,MATCH(B26,Equipe!$A$2:$A$7,0)))} -> B | D26: ajuste e atualização da documentação no Overleaf | E26: Artigo | G26: 1.5
... A31: 46314 | B31: Davi | C31: {=IF(B31="","",INDEX(Equipe!$C$2:$C$7,MATCH(B31,Equipe!$A$2:$A$7,0)))} -> A | D31: Refinar Slides da apresenteção PC1 | E31: Fase 2 | G31: 1
C32: {=IF(B32="","",INDEX(Equipe!$C$2:$C$7,MATCH(B32,Equipe!$A$2:$A$7,0)))}
C33: {=IF(B33="","",INDEX(Equipe!$C$2:$C$7,MATCH(B33,Equipe!$A$2:$A$7,0)))}
C34: {=IF(B34="","",INDEX(Equipe!$C$2:$C$7,MATCH(B34,Equipe!$A$2:$A$7,0)))}
C35: {=IF(B35="","",INDEX(Equipe!$C$2:$C$7,MATCH(B35,Equipe!$A$2:$A$7,0)))}
C36: {=IF(B36="","",INDEX(Equipe!$C$2:$C$7,MATCH(B36,Equipe!$A$2:$A$7,0)))}
C37: {=IF(B37="","",INDEX(Equipe!$C$2:$C$7,MATCH(B37,Equipe!$A$2:$A$7,0)))}
C38: {=IF(B38="","",INDEX(Equipe!$C$2:$C$7,MATCH(B38,Equipe!$A$2:$A$7,0)))}
C39: {=IF(B39="","",INDEX(Equipe!$C$2:$C$7,MATCH(B39,Equipe!$A$2:$A$7,0)))}
C40: {=IF(B40="","",INDEX(Equipe!$C$2:$C$7,MATCH(B40,Equipe!$A$2:$A$7,0)))}
C41: {=IF(B41="","",INDEX(Equipe!$C$2:$C$7,MATCH(B41,Equipe!$A$2:$A$7,0)))}
C42: {=IF(B42="","",INDEX(Equipe!$C$2:$C$7,MATCH(B42,Equipe!$A$2:$A$7,0)))}
C43: {=IF(B43="","",INDEX(Equipe!$C$2:$C$7,MATCH(B43,Equipe!$A$2:$A$7,0)))}
... C202: {=IF(B202="","",INDEX(Equipe!$C$2:$C$7,MATCH(B202,Equipe!$A$2:$A$7,0)))}

Sheet Planejamento
A1: Horas planejadas por membro e por semana (semana começando na segunda-feira)
A3: Membro | B3: 46300 | C3: 46307 | D3: 46314 | E3: 46321 | F3: 46328 | G3: 46335 | H3: 46342 | I3: 46349 | J3: Total
A4: =Equipe!A2 -> Davi | B4: 6 | C4: 7 | D4: 5 | J4: =SUM(B4:I4) -> 18
A5: =Equipe!A3 -> Pedro | B5: 2 | C5: 4 | D5: 5 | J5: =SUM(B5:I5) -> 11
A6: =Equipe!A4 -> Karolina | B6: 3 | C6: 4 | D6: 5 | J6: =SUM(B6:I6) -> 12
A7: =Equipe!A5 -> Mateus | B7: 4 | C7: 4 | D7: 8 | J7: =SUM(B7:I7) -> 16
A8: =Equipe!A6 -> Bryan | B8: 2 | C8: 4 | J8: =SUM(B8:I8) -> 6
A9: =Equipe!A7 -> Dante | B9: 3.666 | C9: 5.7 | D9: 5.7 | J9: =SUM(B9:I9) -> 15.066
A10: Total | B10: =SUM(B4:B9) -> 20.666 | C10: =SUM(C4:C9) -> 28.7 | D10: =SUM(D4:D9) -> 28.7 | E10: =SUM(E4:E9) -> 0 | F10: =SUM(F4:F9) -> 0 | G10: =SUM(G4:G9) -> 0 | H10: =SUM(H4:H9) -> 0 | I10: =SUM(I4:I9) -> 0 | J10: =SUM(J4:J9) -> 78.066

Sheet Resumo
A1: Resumo de esforço (Recursos e Custos)
A3: Membro | B3: Dupla | C3: Horas reais | D3: Horas planejadas | E3: Real / planejado | F3: % do esforço total
A4: =Equipe!A2 -> Davi | B4: =Equipe!C2 -> A | C4: =SUMIFS('Registro de horas'!$G:$G,'Registro de horas'!$B:$B,A4) -> 10.66 | D4: {=INDEX(Planejamento!$J$4:$J$9,MATCH(A4,Planejamento!$A$4:$A$9,0))} -> 18 | E4: =IF(D4=0,"",C4/D4) -> 0.59222222 | F4: =IF($C$10=0,0,C4/$C$10) -> 0.26323198
A5: =Equipe!A3 -> Pedro | B5: =Equipe!C3 -> A | C5: =SUMIFS('Registro de horas'!$G:$G,'Registro de horas'!$B:$B,A5) -> 7.11 | D5: {=INDEX(Planejamento!$J$4:$J$9,MATCH(A5,Planejamento!$A$4:$A$9,0))} -> 11 | E5: =IF(D5=0,"",C5/D5) -> 0.64636364 | F5: =IF($C$10=0,0,C5/$C$10) -> 0.17557029
A6: =Equipe!A4 -> Karolina | B6: =Equipe!C4 -> B | C6: =SUMIFS('Registro de horas'!$G:$G,'Registro de horas'!$B:$B,A6) -> 8.07 | D6: {=INDEX(Planejamento!$J$4:$J$9,MATCH(A6,Planejamento!$A$4:$A$9,0))} -> 12 | E6: =IF(D6=0,"",C6/D6) -> 0.6725 | F6: =IF($C$10=0,0,C6/$C$10) -> 0.19927599
A7: =Equipe!A5 -> Mateus | B7: =Equipe!C5 -> B | C7: =SUMIFS('Registro de horas'!$G:$G,'Registro de horas'!$B:$B,A7) -> 5 | D7: {=INDEX(Planejamento!$J$4:$J$9,MATCH(A7,Planejamento!$A$4:$A$9,0))} -> 16 | E7: =IF(D7=0,"",C7/D7) -> 0.3125 | F7: =IF($C$10=0,0,C7/$C$10) -> 0.12346716
A8: =Equipe!A6 -> Bryan | B8: =Equipe!C6 -> C | C8: =SUMIFS('Registro de horas'!$G:$G,'Registro de horas'!$B:$B,A8) -> 4.33 | D8: {=INDEX(Planejamento!$J$4:$J$9,MATCH(A8,Planejamento!$A$4:$A$9,0))} -> 6 | E8: =IF(D8=0,"",C8/D8) -> 0.72166667 | F8: =IF($C$10=0,0,C8/$C$10) -> 0.10692256
A9: =Equipe!A7 -> Dante | B9: =Equipe!C7 -> C | C9: =SUMIFS('Registro de horas'!$G:$G,'Registro de horas'!$B:$B,A9) -> 5.3266 | D9: {=INDEX(Planejamento!$J$4:$J$9,MATCH(A9,Planejamento!$A$4:$A$9,0))} -> 15.066 | E9: =IF(D9=0,"",C9/D9) -> 0.35355104 | F9: =IF($C$10=0,0,C9/$C$10) -> 0.13153203
A10: Total | C10: =SUM(C4:C9) -> 40.4966 | D10: =SUM(D4:D9) -> 78.066 | E10: =IF(D10=0,"",C10/D10) -> 0.51874824 | F10: =SUM(F4:F9) -> 1
A12: Horas reais por semana (semana começando na segunda-feira)
A13: Membro | B13: =Planejamento!B3 -> 46300 | C13: =Planejamento!C3 -> 46307 | D13: =Planejamento!D3 -> 46314 | E13: =Planejamento!E3 -> 46321 | F13: =Planejamento!F3 -> 46328 | G13: =Planejamento!G3 -> 46335 | H13: =Planejamento!H3 -> 46342 | I13: =Planejamento!I3 -> 46349
A14: =Equipe!A2 -> Davi | B14: =SUMIFS('Registro de horas'!$G:$G,'Registro de horas'!$B:$B,$A14,'Registro de horas'!$A:$A,">="&B$13,'Registro de horas'!$A:$A,"<"&B$13+7) -> 3.33 | C14: =SUMIFS('Registro de horas'!$G:$G,'Registro de horas'!$B:$B,$A14,'Registro de horas'!$A:$A,">="&C$13,'Registro de horas'!$A:$A,"<"&C$13+7) -> 6.33 | D14: =SUMIFS('Registro de horas'!$G:$G,'Registro de horas'!$B:$B,$A14,'Registro de horas'!$A:$A,">="&D$13,'Registro de horas'!$A:$A,"<"&D$13+7) -> 1 | E14: =SUMIFS('Registro de horas'!$G:$G,'Registro de horas'!$B:$B,$A14,'Registro de horas'!$A:$A,">="&E$13,'Registro de horas'!$A:$A,"<"&E$13+7) -> 0 | F14: =SUMIFS('Registro de horas'!$G:$G,'Registro de horas'!$B:$B,$A14,'Registro de horas'!$A:$A,">="&F$13,'Registro de horas'!$A:$A,"<"&F$13+7) -> 0 | G14: =SUMIFS('Registro de horas'!$G:$G,'Registro de horas'!$B:$B,$A14,'Registro de horas'!$A:$A,">="&G$13,'Registro de horas'!$A:$A,"<"&G$13+7) -> 0 | H14: =SUMIFS('Registro de horas'!$G:$G,'Registro de horas'!$B:$B,$A14,'Registro de horas'!$A:$A,">="&H$13,'Registro de horas'!$A:$A,"<"&H$13+7) -> 0 | I14: =SUMIFS('Registro de horas'!$G:$G,'Registro de horas'!$B:$B,$A14,'Registro de horas'!$A:$A,">="&I$13,'Registro de horas'!$A:$A,"<"&I$13+7) -> 0
A15: =Equipe!A3 -> Pedro | B15: =SUMIFS('Registro de horas'!$G:$G,'Registro de horas'!$B:$B,$A15,'Registro de horas'!$A:$A,">="&B$13,'Registro de horas'!$A:$A,"<"&B$13+7) -> 0.33 | C15: =SUMIFS('Registro de horas'!$G:$G,'Registro de horas'!$B:$B,$A15,'Registro de horas'!$A:$A,">="&C$13,'Registro de horas'!$A:$A,"<"&C$13+7) -> 6.78 | D15: =SUMIFS('Registro de horas'!$G:$G,'Registro de horas'!$B:$B,$A15,'Registro de horas'!$A:$A,">="&D$13,'Registro de horas'!$A:$A,"<"&D$13+7) -> 0 | E15: =SUMIFS('Registro de horas'!$G:$G,'Registro de horas'!$B:$B,$A15,'Registro de horas'!$A:$A,">="&E$13,'Registro de horas'!$A:$A,"<"&E$13+7) -> 0 | F15: =SUMIFS('Registro de horas'!$G:$G,'Registro de horas'!$B:$B,$A15,'Registro de horas'!$A:$A,">="&F$13,'Registro de horas'!$A:$A,"<"&F$13+7) -> 0 | G15: =SUMIFS('Registro de horas'!$G:$G,'Registro de horas'!$B:$B,$A15,'Registro de horas'!$A:$A,">="&G$13,'Registro de horas'!$A:$A,"<"&G$13+7) -> 0 | H15: =SUMIFS('Registro de horas'!$G:$G,'Registro de horas'!$B:$B,$A15,'Registro de horas'!$A:$A,">="&H$13,'Registro de horas'!$A:$A,"<"&H$13+7) -> 0 | I15: =SUMIFS('Registro de horas'!$G:$G,'Registro de horas'!$B:$B,$A15,'Registro de horas'!$A:$A,">="&I$13,'Registro de horas'!$A:$A,"<"&I$13+7) -> 0
A16: =Equipe!A4 -> Karolina | B16: =SUMIFS('Registro de horas'!$G:$G,'Registro de horas'!$B:$B,$A16,'Registro de horas'!$A:$A,">="&B$13,'Registro de horas'!$A:$A,"<"&B$13+7) -> 3.66 | C16: =SUMIFS('Registro de horas'!$G:$G,'Registro de horas'!$B:$B,$A16,'Registro de horas'!$A:$A,">="&C$13,'Registro de horas'!$A:$A,"<"&C$13+7) -> 4.41 | D16: =SUMIFS('Registro de horas'!$G:$G,'Registro de horas'!$B:$B,$A16,'Registro de horas'!$A:$A,">="&D$13,'Registro de horas'!$A:$A,"<"&D$13+7) -> 0 | E16: =SUMIFS('Registro de horas'!$G:$G,'Registro de horas'!$B:$B,$A16,'Registro de horas'!$A:$A,">="&E$13,'Registro de horas'!$A:$A,"<"&E$13+7) -> 0 | F16: =SUMIFS('Registro de horas'!$G:$G,'Registro de horas'!$B:$B,$A16,'Registro de horas'!$A:$A,">="&F$13,'Registro de horas'!$A:$A,"<"&F$13+7) -> 0 | G16: =SUMIFS('Registro de horas'!$G:$G,'Registro de horas'!$B:$B,$A16,'Registro de horas'!$A:$A,">="&G$13,'Registro de horas'!$A:$A,"<"&G$13+7) -> 0 | H16: =SUMIFS('Registro de horas'!$G:$G,'Registro de horas'!$B:$B,$A16,'Registro de horas'!$A:$A,">="&H$13,'Registro de horas'!$A:$A,"<"&H$13+7) -> 0 | I16: =SUMIFS('Registro de horas'!$G:$G,'Registro de horas'!$B:$B,$A16,'Registro de horas'!$A:$A,">="&I$13,'Registro de horas'!$A:$A,"<"&I$13+7) -> 0
A17: =Equipe!A5 -> Mateus | B17: =SUMIFS('Registro de horas'!$G:$G,'Registro de horas'!$B:$B,$A17,'Registro de horas'!$A:$A,">="&B$13,'Registro de horas'!$A:$A,"<"&B$13+7) -> 4 | C17: =SUMIFS('Registro de horas'!$G:$G,'Registro de horas'!$B:$B,$A17,'Registro de horas'!$A:$A,">="&C$13,'Registro de horas'!$A:$A,"<"&C$13+7) -> 1 | D17: =SUMIFS('Registro de horas'!$G:$G,'Registro de horas'!$B:$B,$A17,'Registro de horas'!$A:$A,">="&D$13,'Registro de horas'!$A:$A,"<"&D$13+7) -> 0 | E17: =SUMIFS('Registro de horas'!$G:$G,'Registro de horas'!$B:$B,$A17,'Registro de horas'!$A:$A,">="&E$13,'Registro de horas'!$A:$A,"<"&E$13+7) -> 0 | F17: =SUMIFS('Registro de horas'!$G:$G,'Registro de horas'!$B:$B,$A17,'Registro de horas'!$A:$A,">="&F$13,'Registro de horas'!$A:$A,"<"&F$13+7) -> 0 | G17: =SUMIFS('Registro de horas'!$G:$G,'Registro de horas'!$B:$B,$A17,'Registro de horas'!$A:$A,">="&G$13,'Registro de horas'!$A:$A,"<"&G$13+7) -> 0 | H17: =SUMIFS('Registro de horas'!$G:$G,'Registro de horas'!$B:$B,$A17,'Registro de horas'!$A:$A,">="&H$13,'Registro de horas'!$A:$A,"<"&H$13+7) -> 0 | I17: =SUMIFS('Registro de horas'!$G:$G,'Registro de horas'!$B:$B,$A17,'Registro de horas'!$A:$A,">="&I$13,'Registro de horas'!$A:$A,"<"&I$13+7) -> 0
A18: =Equipe!A6 -> Bryan | B18: =SUMIFS('Registro de horas'!$G:$G,'Registro de horas'!$B:$B,$A18,'Registro de horas'!$A:$A,">="&B$13,'Registro de horas'!$A:$A,"<"&B$13+7) -> 0.33 | C18: =SUMIFS('Registro de horas'!$G:$G,'Registro de horas'!$B:$B,$A18,'Registro de horas'!$A:$A,">="&C$13,'Registro de horas'!$A:$A,"<"&C$13+7) -> 4 | D18: =SUMIFS('Registro de horas'!$G:$G,'Registro de horas'!$B:$B,$A18,'Registro de horas'!$A:$A,">="&D$13,'Registro de horas'!$A:$A,"<"&D$13+7) -> 0 | E18: =SUMIFS('Registro de horas'!$G:$G,'Registro de horas'!$B:$B,$A18,'Registro de horas'!$A:$A,">="&E$13,'Registro de horas'!$A:$A,"<"&E$13+7) -> 0 | F18: =SUMIFS('Registro de horas'!$G:$G,'Registro de horas'!$B:$B,$A18,'Registro de horas'!$A:$A,">="&F$13,'Registro de horas'!$A:$A,"<"&F$13+7) -> 0 | G18: =SUMIFS('Registro de horas'!$G:$G,'Registro de horas'!$B:$B,$A18,'Registro de horas'!$A:$A,">="&G$13,'Registro de horas'!$A:$A,"<"&G$13+7) -> 0 | H18: =SUMIFS('Registro de horas'!$G:$G,'Registro de horas'!$B:$B,$A18,'Registro de horas'!$A:$A,">="&H$13,'Registro de horas'!$A:$A,"<"&H$13+7) -> 0 | I18: =SUMIFS('Registro de horas'!$G:$G,'Registro de horas'!$B:$B,$A18,'Registro de horas'!$A:$A,">="&I$13,'Registro de horas'!$A:$A,"<"&I$13+7) -> 0
A19: =Equipe!A7 -> Dante | B19: =SUMIFS('Registro de horas'!$G:$G,'Registro de horas'!$B:$B,$A19,'Registro de horas'!$A:$A,">="&B$13,'Registro de horas'!$A:$A,"<"&B$13+7) -> 0.33 | C19: =SUMIFS('Registro de horas'!$G:$G,'Registro de horas'!$B:$B,$A19,'Registro de horas'!$A:$A,">="&C$13,'Registro de horas'!$A:$A,"<"&C$13+7) -> 4.9966 | D19: =SUMIFS('Registro de horas'!$G:$G,'Registro de horas'!$B:$B,$A19,'Registro de horas'!$A:$A,">="&D$13,'Registro de horas'!$A:$A,"<"&D$13+7) -> 0 | E19: =SUMIFS('Registro de horas'!$G:$G,'Registro de horas'!$B:$B,$A19,'Registro de horas'!$A:$A,">="&E$13,'Registro de horas'!$A:$A,"<"&E$13+7) -> 0 | F19: =SUMIFS('Registro de horas'!$G:$G,'Registro de horas'!$B:$B,$A19,'Registro de horas'!$A:$A,">="&F$13,'Registro de horas'!$A:$A,"<"&F$13+7) -> 0 | G19: =SUMIFS('Registro de horas'!$G:$G,'Registro de horas'!$B:$B,$A19,'Registro de horas'!$A:$A,">="&G$13,'Registro de horas'!$A:$A,"<"&G$13+7) -> 0 | H19: =SUMIFS('Registro de horas'!$G:$G,'Registro de horas'!$B:$B,$A19,'Registro de horas'!$A:$A,">="&H$13,'Registro de horas'!$A:$A,"<"&H$13+7) -> 0 | I19: =SUMIFS('Registro de horas'!$G:$G,'Registro de horas'!$B:$B,$A19,'Registro de horas'!$A:$A,">="&I$13,'Registro de horas'!$A:$A,"<"&I$13+7) -> 0
A20: Total | B20: =SUM(B14:B19) -> 11.98 | C20: =SUM(C14:C19) -> 27.5166 | D20: =SUM(D14:D19) -> 1 | E20: =SUM(E14:E19) -> 0 | F20: =SUM(F14:F19) -> 0 | G20: =SUM(G14:G19) -> 0 | H20: =SUM(H14:H19) -> 0 | I20: =SUM(I14:I19) -> 0

Sheet Equipe
A1: Membro | B1: Nome completo | C1: Dupla | D1: Característica
A2: Davi | B2: Davi Severiano Freitas | C2: A | D2: Usabilidade
A3: Pedro | B3: Pedro Henrique Freire Rodrigues | C3: A | D3: Usabilidade
A4: Karolina | B4: Karolina Vieira Barbosa | C4: B | D4: Eficiência de desempenho
A5: Mateus | B5: Mateus de Siqueira Silva | C5: B | D5: Eficiência de desempenho
A6: Bryan | B6: Bryan Smith Rodrigues Cavalcante | C6: C | D6: Portabilidade
A7: Dante | B7: Dante Fernandes Scarpati | C7: C | D7: Portabilidade
